PID,Anthropographic,Fear,Medium,Trend,Response
0,Anthropomorphized,Fearful,2D,Positive,7
0,Anthropomorphized,Fearful,2D,Positive,7
0,Anthropomorphized,Fearful,2D,Positive,6
0,Static,Fearful,2D,Positive,6
0,Static,Fearful,2D,Positive,6
0,Static,Fearful,2D,Positive,6
0,Anthropomorphized,Fearful,2D,Negative,2
0,Anthropomorphized,Fearful,2D,Negative,2
0,Anthropomorphized,Fearful,2D,Negative,2
0,Static,Fearful,2D,Negative,3
0,Static,Fearful,2D,Negative,3
0,Static,Fearful,2D,Negative,3
0,Anthropomorphized,Fearful,2D,Neutral,5
0,Anthropomorphized,Fearful,2D,Neutral,6
0,Anthropomorphized,Fearful,2D,Neutral,6
0,Static,Fearful,2D,Neutral,2
0,Static,Fearful,2D,Neutral,5
0,Static,Fearful,2D,Neutral,3
0,Anthropomorphized,Neutral,2D,Positive,5
0,Anthropomorphized,Neutral,2D,Positive,6
0,Anthropomorphized,Neutral,2D,Positive,5
0,Static,Neutral,2D,Positive,3
0,Static,Neutral,2D,Positive,2
0,Static,Neutral,2D,Positive,2
0,Anthropomorphized,Neutral,2D,Negative,6
0,Anthropomorphized,Neutral,2D,Negative,5
0,Anthropomorphized,Neutral,2D,Negative,1
0,Static,Neutral,2D,Negative,3
0,Static,Neutral,2D,Negative,2
0,Static,Neutral,2D,Negative,2
0,Anthropomorphized,Neutral,2D,Neutral,2
0,Anthropomorphized,Neutral,2D,Neutral,1
0,Anthropomorphized,Neutral,2D,Neutral,2
0,Static,Neutral,2D,Neutral,2
0,Static,Neutral,2D,Neutral,2
0,Static,Neutral,2D,Neutral,1
1,Anthropomorphized,Fearful,2D,Positive,7
1,Anthropomorphized,Fearful,2D,Positive,7
1,Anthropomorphized,Fearful,2D,Positive,7
1,Static,Fearful,2D,Positive,7
1,Static,Fearful,2D,Positive,7
1,Static,Fearful,2D,Positive,7
1,Anthropomorphized,Fearful,2D,Negative,2
1,Anthropomorphized,Fearful,2D,Negative,5
1,Anthropomorphized,Fearful,2D,Negative,5
1,Static,Fearful,2D,Negative,1
1,Static,Fearful,2D,Negative,1
1,Static,Fearful,2D,Negative,1
1,Anthropomorphized,Fearful,2D,Neutral,5
1,Anthropomorphized,Fearful,2D,Neutral,5
1,Anthropomorphized,Fearful,2D,Neutral,5
1,Static,Fearful,2D,Neutral,5
1,Static,Fearful,2D,Neutral,5
1,Static,Fearful,2D,Neutral,5
1,Anthropomorphized,Neutral,2D,Positive,4
1,Anthropomorphized,Neutral,2D,Positive,5
1,Anthropomorphized,Neutral,2D,Positive,2
1,Static,Neutral,2D,Positive,3
1,Static,Neutral,2D,Positive,5
1,Static,Neutral,2D,Positive,2
1,Anthropomorphized,Neutral,2D,Negative,4
1,Anthropomorphized,Neutral,2D,Negative,2
1,Anthropomorphized,Neutral,2D,Negative,2
1,Static,Neutral,2D,Negative,5
1,Static,Neutral,2D,Negative,2
1,Static,Neutral,2D,Negative,2
1,Anthropomorphized,Neutral,2D,Neutral,1
1,Anthropomorphized,Neutral,2D,Neutral,4
1,Anthropomorphized,Neutral,2D,Neutral,1
1,Static,Neutral,2D,Neutral,2
1,Static,Neutral,2D,Neutral,2
1,Static,Neutral,2D,Neutral,2
2,Anthropomorphized,Fearful,2D,Positive,6
2,Anthropomorphized,Fearful,2D,Positive,6
2,Anthropomorphized,Fearful,2D,Positive,6
2,Static,Fearful,2D,Positive,5
2,Static,Fearful,2D,Positive,5
2,Static,Fearful,2D,Positive,5
2,Anthropomorphized,Fearful,2D,Negative,2
2,Anthropomorphized,Fearful,2D,Negative,2
2,Anthropomorphized,Fearful,2D,Negative,2
2,Static,Fearful,2D,Negative,2
2,Static,Fearful,2D,Negative,2
2,Static,Fearful,2D,Negative,2
2,Anthropomorphized,Fearful,2D,Neutral,4
2,Anthropomorphized,Fearful,2D,Neutral,4
2,Anthropomorphized,Fearful,2D,Neutral,4
2,Static,Fearful,2D,Neutral,4
2,Static,Fearful,2D,Neutral,4
2,Static,Fearful,2D,Neutral,4
2,Anthropomorphized,Neutral,2D,Positive,1
2,Anthropomorphized,Neutral,2D,Positive,1
2,Anthropomorphized,Neutral,2D,Positive,1
2,Static,Neutral,2D,Positive,1
2,Static,Neutral,2D,Positive,1
2,Static,Neutral,2D,Positive,1
2,Anthropomorphized,Neutral,2D,Negative,1
2,Anthropomorphized,Neutral,2D,Negative,1
2,Anthropomorphized,Neutral,2D,Negative,1
2,Static,Neutral,2D,Negative,1
2,Static,Neutral,2D,Negative,1
2,Static,Neutral,2D,Negative,1
2,Anthropomorphized,Neutral,2D,Neutral,1
2,Anthropomorphized,Neutral,2D,Neutral,1
2,Anthropomorphized,Neutral,2D,Neutral,1
2,Static,Neutral,2D,Neutral,1
2,Static,Neutral,2D,Neutral,1
2,Static,Neutral,2D,Neutral,1
3,Anthropomorphized,Fearful,2D,Positive,7
3,Anthropomorphized,Fearful,2D,Positive,7
3,Anthropomorphized,Fearful,2D,Positive,7
3,Static,Fearful,2D,Positive,6
3,Static,Fearful,2D,Positive,7
3,Static,Fearful,2D,Positive,6
3,Anthropomorphized,Fearful,2D,Negative,4
3,Anthropomorphized,Fearful,2D,Negative,3
3,Anthropomorphized,Fearful,2D,Negative,3
3,Static,Fearful,2D,Negative,2
3,Static,Fearful,2D,Negative,2
3,Static,Fearful,2D,Negative,4
3,Anthropomorphized,Fearful,2D,Neutral,5
3,Anthropomorphized,Fearful,2D,Neutral,5
3,Anthropomorphized,Fearful,2D,Neutral,5
3,Static,Fearful,2D,Neutral,4
3,Static,Fearful,2D,Neutral,4
3,Static,Fearful,2D,Neutral,4
3,Anthropomorphized,Neutral,2D,Positive,1
3,Anthropomorphized,Neutral,2D,Positive,1
3,Anthropomorphized,Neutral,2D,Positive,1
3,Static,Neutral,2D,Positive,1
3,Static,Neutral,2D,Positive,1
3,Static,Neutral,2D,Positive,1
3,Anthropomorphized,Neutral,2D,Negative,7
3,Anthropomorphized,Neutral,2D,Negative,7
3,Anthropomorphized,Neutral,2D,Negative,7
3,Static,Neutral,2D,Negative,6
3,Static,Neutral,2D,Negative,5
3,Static,Neutral,2D,Negative,5
3,Anthropomorphized,Neutral,2D,Neutral,2
3,Anthropomorphized,Neutral,2D,Neutral,2
3,Anthropomorphized,Neutral,2D,Neutral,2
3,Static,Neutral,2D,Neutral,1
3,Static,Neutral,2D,Neutral,1
3,Static,Neutral,2D,Neutral,1
4,Anthropomorphized,Fearful,2D,Positive,7
4,Anthropomorphized,Fearful,2D,Positive,7
4,Anthropomorphized,Fearful,2D,Positive,7
4,Static,Fearful,2D,Positive,6
4,Static,Fearful,2D,Positive,6
4,Static,Fearful,2D,Positive,6
4,Anthropomorphized,Fearful,2D,Negative,3
4,Anthropomorphized,Fearful,2D,Negative,3
4,Anthropomorphized,Fearful,2D,Negative,3
4,Static,Fearful,2D,Negative,3
4,Static,Fearful,2D,Negative,3
4,Static,Fearful,2D,Negative,2
4,Anthropomorphized,Fearful,2D,Neutral,3
4,Anthropomorphized,Fearful,2D,Neutral,5
4,Anthropomorphized,Fearful,2D,Neutral,5
4,Static,Fearful,2D,Neutral,7
4,Static,Fearful,2D,Neutral,7
4,Static,Fearful,2D,Neutral,7
4,Anthropomorphized,Neutral,2D,Positive,1
4,Anthropomorphized,Neutral,2D,Positive,1
4,Anthropomorphized,Neutral,2D,Positive,1
4,Static,Neutral,2D,Positive,1
4,Static,Neutral,2D,Positive,1
4,Static,Neutral,2D,Positive,1
4,Anthropomorphized,Neutral,2D,Negative,6
4,Anthropomorphized,Neutral,2D,Negative,6
4,Anthropomorphized,Neutral,2D,Negative,5
4,Static,Neutral,2D,Negative,1
4,Static,Neutral,2D,Negative,1
4,Static,Neutral,2D,Negative,1
4,Anthropomorphized,Neutral,2D,Neutral,1
4,Anthropomorphized,Neutral,2D,Neutral,1
4,Anthropomorphized,Neutral,2D,Neutral,1
4,Static,Neutral,2D,Neutral,1
4,Static,Neutral,2D,Neutral,1
4,Static,Neutral,2D,Neutral,1
5,Anthropomorphized,Fearful,2D,Positive,6
5,Anthropomorphized,Fearful,2D,Positive,6
5,Anthropomorphized,Fearful,2D,Positive,6
5,Static,Fearful,2D,Positive,6
5,Static,Fearful,2D,Positive,6
5,Static,Fearful,2D,Positive,6
5,Anthropomorphized,Fearful,2D,Negative,5
5,Anthropomorphized,Fearful,2D,Negative,5
5,Anthropomorphized,Fearful,2D,Negative,5
5,Static,Fearful,2D,Negative,5
5,Static,Fearful,2D,Negative,5
5,Static,Fearful,2D,Negative,5
5,Anthropomorphized,Fearful,2D,Neutral,6
5,Anthropomorphized,Fearful,2D,Neutral,6
5,Anthropomorphized,Fearful,2D,Neutral,6
5,Static,Fearful,2D,Neutral,5
5,Static,Fearful,2D,Neutral,5
5,Static,Fearful,2D,Neutral,5
5,Anthropomorphized,Neutral,2D,Positive,3
5,Anthropomorphized,Neutral,2D,Positive,4
5,Anthropomorphized,Neutral,2D,Positive,3
5,Static,Neutral,2D,Positive,2
5,Static,Neutral,2D,Positive,2
5,Static,Neutral,2D,Positive,4
5,Anthropomorphized,Neutral,2D,Negative,6
5,Anthropomorphized,Neutral,2D,Negative,6
5,Anthropomorphized,Neutral,2D,Negative,6
5,Static,Neutral,2D,Negative,6
5,Static,Neutral,2D,Negative,6
5,Static,Neutral,2D,Negative,6
5,Anthropomorphized,Neutral,2D,Neutral,3
5,Anthropomorphized,Neutral,2D,Neutral,3
5,Anthropomorphized,Neutral,2D,Neutral,3
5,Static,Neutral,2D,Neutral,3
5,Static,Neutral,2D,Neutral,3
5,Static,Neutral,2D,Neutral,3
6,Anthropomorphized,Fearful,2D,Positive,6
6,Anthropomorphized,Fearful,2D,Positive,6
6,Anthropomorphized,Fearful,2D,Positive,6
6,Static,Fearful,2D,Positive,5
6,Static,Fearful,2D,Positive,5
6,Static,Fearful,2D,Positive,5
6,Anthropomorphized,Fearful,2D,Negative,2
6,Anthropomorphized,Fearful,2D,Negative,2
6,Anthropomorphized,Fearful,2D,Negative,3
6,Static,Fearful,2D,Negative,2
6,Static,Fearful,2D,Negative,3
6,Static,Fearful,2D,Negative,5
6,Anthropomorphized,Fearful,2D,Neutral,4
6,Anthropomorphized,Fearful,2D,Neutral,5
6,Anthropomorphized,Fearful,2D,Neutral,4
6,Static,Fearful,2D,Neutral,4
6,Static,Fearful,2D,Neutral,4
6,Static,Fearful,2D,Neutral,5
6,Anthropomorphized,Neutral,2D,Positive,4
6,Anthropomorphized,Neutral,2D,Positive,5
6,Anthropomorphized,Neutral,2D,Positive,5
6,Static,Neutral,2D,Positive,3
6,Static,Neutral,2D,Positive,3
6,Static,Neutral,2D,Positive,3
6,Anthropomorphized,Neutral,2D,Negative,6
6,Anthropomorphized,Neutral,2D,Negative,6
6,Anthropomorphized,Neutral,2D,Negative,4
6,Static,Neutral,2D,Negative,4
6,Static,Neutral,2D,Negative,5
6,Static,Neutral,2D,Negative,4
6,Anthropomorphized,Neutral,2D,Neutral,4
6,Anthropomorphized,Neutral,2D,Neutral,4
6,Anthropomorphized,Neutral,2D,Neutral,4
6,Static,Neutral,2D,Neutral,4
6,Static,Neutral,2D,Neutral,4
6,Static,Neutral,2D,Neutral,4
7,Anthropomorphized,Fearful,2D,Positive,6
7,Anthropomorphized,Fearful,2D,Positive,6
7,Anthropomorphized,Fearful,2D,Positive,6
7,Static,Fearful,2D,Positive,6
7,Static,Fearful,2D,Positive,6
7,Static,Fearful,2D,Positive,6
7,Anthropomorphized,Fearful,2D,Negative,3
7,Anthropomorphized,Fearful,2D,Negative,3
7,Anthropomorphized,Fearful,2D,Negative,3
7,Static,Fearful,2D,Negative,3
7,Static,Fearful,2D,Negative,2
7,Static,Fearful,2D,Negative,2
7,Anthropomorphized,Fearful,2D,Neutral,5
7,Anthropomorphized,Fearful,2D,Neutral,5
7,Anthropomorphized,Fearful,2D,Neutral,5
7,Static,Fearful,2D,Neutral,4
7,Static,Fearful,2D,Neutral,5
7,Static,Fearful,2D,Neutral,5
7,Anthropomorphized,Neutral,2D,Positive,1
7,Anthropomorphized,Neutral,2D,Positive,1
7,Anthropomorphized,Neutral,2D,Positive,1
7,Static,Neutral,2D,Positive,1
7,Static,Neutral,2D,Positive,1
7,Static,Neutral,2D,Positive,1
7,Anthropomorphized,Neutral,2D,Negative,1
7,Anthropomorphized,Neutral,2D,Negative,1
7,Anthropomorphized,Neutral,2D,Negative,1
7,Static,Neutral,2D,Negative,1
7,Static,Neutral,2D,Negative,1
7,Static,Neutral,2D,Negative,1
7,Anthropomorphized,Neutral,2D,Neutral,1
7,Anthropomorphized,Neutral,2D,Neutral,1
7,Anthropomorphized,Neutral,2D,Neutral,1
7,Static,Neutral,2D,Neutral,1
7,Static,Neutral,2D,Neutral,1
7,Static,Neutral,2D,Neutral,1
8,Anthropomorphized,Fearful,2D,Positive,7
8,Anthropomorphized,Fearful,2D,Positive,7
8,Anthropomorphized,Fearful,2D,Positive,7
8,Static,Fearful,2D,Positive,7
8,Static,Fearful,2D,Positive,7
8,Static,Fearful,2D,Positive,7
8,Anthropomorphized,Fearful,2D,Negative,3
8,Anthropomorphized,Fearful,2D,Negative,3
8,Anthropomorphized,Fearful,2D,Negative,3
8,Static,Fearful,2D,Negative,3
8,Static,Fearful,2D,Negative,3
8,Static,Fearful,2D,Negative,2
8,Anthropomorphized,Fearful,2D,Neutral,5
8,Anthropomorphized,Fearful,2D,Neutral,5
8,Anthropomorphized,Fearful,2D,Neutral,5
8,Static,Fearful,2D,Neutral,5
8,Static,Fearful,2D,Neutral,5
8,Static,Fearful,2D,Neutral,5
8,Anthropomorphized,Neutral,2D,Positive,2
8,Anthropomorphized,Neutral,2D,Positive,1
8,Anthropomorphized,Neutral,2D,Positive,2
8,Static,Neutral,2D,Positive,1
8,Static,Neutral,2D,Positive,1
8,Static,Neutral,2D,Positive,2
8,Anthropomorphized,Neutral,2D,Negative,7
8,Anthropomorphized,Neutral,2D,Negative,6
8,Anthropomorphized,Neutral,2D,Negative,7
8,Static,Neutral,2D,Negative,5
8,Static,Neutral,2D,Negative,6
8,Static,Neutral,2D,Negative,6
8,Anthropomorphized,Neutral,2D,Neutral,2
8,Anthropomorphized,Neutral,2D,Neutral,3
8,Anthropomorphized,Neutral,2D,Neutral,2
8,Static,Neutral,2D,Neutral,1
8,Static,Neutral,2D,Neutral,3
8,Static,Neutral,2D,Neutral,5
9,Anthropomorphized,Fearful,2D,Positive,7
9,Anthropomorphized,Fearful,2D,Positive,7
9,Anthropomorphized,Fearful,2D,Positive,7
9,Static,Fearful,2D,Positive,5
9,Static,Fearful,2D,Positive,5
9,Static,Fearful,2D,Positive,5
9,Anthropomorphized,Fearful,2D,Negative,3
9,Anthropomorphized,Fearful,2D,Negative,3
9,Anthropomorphized,Fearful,2D,Negative,2
9,Static,Fearful,2D,Negative,3
9,Static,Fearful,2D,Negative,3
9,Static,Fearful,2D,Negative,3
9,Anthropomorphized,Fearful,2D,Neutral,5
9,Anthropomorphized,Fearful,2D,Neutral,5
9,Anthropomorphized,Fearful,2D,Neutral,5
9,Static,Fearful,2D,Neutral,5
9,Static,Fearful,2D,Neutral,5
9,Static,Fearful,2D,Neutral,5
9,Anthropomorphized,Neutral,2D,Positive,3
9,Anthropomorphized,Neutral,2D,Positive,3
9,Anthropomorphized,Neutral,2D,Positive,3
9,Static,Neutral,2D,Positive,1
9,Static,Neutral,2D,Positive,1
9,Static,Neutral,2D,Positive,1
9,Anthropomorphized,Neutral,2D,Negative,7
9,Anthropomorphized,Neutral,2D,Negative,7
9,Anthropomorphized,Neutral,2D,Negative,7
9,Static,Neutral,2D,Negative,5
9,Static,Neutral,2D,Negative,6
9,Static,Neutral,2D,Negative,5
9,Anthropomorphized,Neutral,2D,Neutral,4
9,Anthropomorphized,Neutral,2D,Neutral,4
9,Anthropomorphized,Neutral,2D,Neutral,4
9,Static,Neutral,2D,Neutral,4
9,Static,Neutral,2D,Neutral,4
9,Static,Neutral,2D,Neutral,4
10,Anthropomorphized,Fearful,2D,Positive,7
10,Anthropomorphized,Fearful,2D,Positive,7
10,Anthropomorphized,Fearful,2D,Positive,7
10,Static,Fearful,2D,Positive,4
10,Static,Fearful,2D,Positive,7
10,Static,Fearful,2D,Positive,7
10,Anthropomorphized,Fearful,2D,Negative,2
10,Anthropomorphized,Fearful,2D,Negative,6
10,Anthropomorphized,Fearful,2D,Negative,6
10,Static,Fearful,2D,Negative,4
10,Static,Fearful,2D,Negative,7
10,Static,Fearful,2D,Negative,7
10,Anthropomorphized,Fearful,2D,Neutral,5
10,Anthropomorphized,Fearful,2D,Neutral,6
10,Anthropomorphized,Fearful,2D,Neutral,6
10,Static,Fearful,2D,Neutral,4
10,Static,Fearful,2D,Neutral,6
10,Static,Fearful,2D,Neutral,6
10,Anthropomorphized,Neutral,2D,Positive,5
10,Anthropomorphized,Neutral,2D,Positive,4
10,Anthropomorphized,Neutral,2D,Positive,4
10,Static,Neutral,2D,Positive,4
10,Static,Neutral,2D,Positive,4
10,Static,Neutral,2D,Positive,4
10,Anthropomorphized,Neutral,2D,Negative,1
10,Anthropomorphized,Neutral,2D,Negative,1
10,Anthropomorphized,Neutral,2D,Negative,5
10,Static,Neutral,2D,Negative,4
10,Static,Neutral,2D,Negative,4
10,Static,Neutral,2D,Negative,4
10,Anthropomorphized,Neutral,2D,Neutral,4
10,Anthropomorphized,Neutral,2D,Neutral,1
10,Anthropomorphized,Neutral,2D,Neutral,1
10,Static,Neutral,2D,Neutral,4
10,Static,Neutral,2D,Neutral,4
10,Static,Neutral,2D,Neutral,4
11,Anthropomorphized,Fearful,2D,Positive,7
11,Anthropomorphized,Fearful,2D,Positive,7
11,Anthropomorphized,Fearful,2D,Positive,7
11,Static,Fearful,2D,Positive,7
11,Static,Fearful,2D,Positive,7
11,Static,Fearful,2D,Positive,7
11,Anthropomorphized,Fearful,2D,Negative,5
11,Anthropomorphized,Fearful,2D,Negative,3
11,Anthropomorphized,Fearful,2D,Negative,5
11,Static,Fearful,2D,Negative,3
11,Static,Fearful,2D,Negative,6
11,Static,Fearful,2D,Negative,6
11,Anthropomorphized,Fearful,2D,Neutral,5
11,Anthropomorphized,Fearful,2D,Neutral,6
11,Anthropomorphized,Fearful,2D,Neutral,6
11,Static,Fearful,2D,Neutral,7
11,Static,Fearful,2D,Neutral,6
11,Static,Fearful,2D,Neutral,7
11,Anthropomorphized,Neutral,2D,Positive,5
11,Anthropomorphized,Neutral,2D,Positive,6
11,Anthropomorphized,Neutral,2D,Positive,6
11,Static,Neutral,2D,Positive,5
11,Static,Neutral,2D,Positive,6
11,Static,Neutral,2D,Positive,6
11,Anthropomorphized,Neutral,2D,Negative,5
11,Anthropomorphized,Neutral,2D,Negative,2
11,Anthropomorphized,Neutral,2D,Negative,2
11,Static,Neutral,2D,Negative,5
11,Static,Neutral,2D,Negative,2
11,Static,Neutral,2D,Negative,2
11,Anthropomorphized,Neutral,2D,Neutral,2
11,Anthropomorphized,Neutral,2D,Neutral,3
11,Anthropomorphized,Neutral,2D,Neutral,3
11,Static,Neutral,2D,Neutral,4
11,Static,Neutral,2D,Neutral,5
11,Static,Neutral,2D,Neutral,5
12,Anthropomorphized,Fearful,2D,Positive,1
12,Anthropomorphized,Fearful,2D,Positive,5
12,Anthropomorphized,Fearful,2D,Positive,6
12,Static,Fearful,2D,Positive,1
12,Static,Fearful,2D,Positive,5
12,Static,Fearful,2D,Positive,5
12,Anthropomorphized,Fearful,2D,Negative,4
12,Anthropomorphized,Fearful,2D,Negative,4
12,Anthropomorphized,Fearful,2D,Negative,4
12,Static,Fearful,2D,Negative,2
12,Static,Fearful,2D,Negative,2
12,Static,Fearful,2D,Negative,2
12,Anthropomorphized,Fearful,2D,Neutral,3
12,Anthropomorphized,Fearful,2D,Neutral,5
12,Anthropomorphized,Fearful,2D,Neutral,5
12,Static,Fearful,2D,Neutral,4
12,Static,Fearful,2D,Neutral,4
12,Static,Fearful,2D,Neutral,4
12,Anthropomorphized,Neutral,2D,Positive,4
12,Anthropomorphized,Neutral,2D,Positive,5
12,Anthropomorphized,Neutral,2D,Positive,4
12,Static,Neutral,2D,Positive,4
12,Static,Neutral,2D,Positive,3
12,Static,Neutral,2D,Positive,4
12,Anthropomorphized,Neutral,2D,Negative,5
12,Anthropomorphized,Neutral,2D,Negative,3
12,Anthropomorphized,Neutral,2D,Negative,5
12,Static,Neutral,2D,Negative,4
12,Static,Neutral,2D,Negative,4
12,Static,Neutral,2D,Negative,4
12,Anthropomorphized,Neutral,2D,Neutral,4
12,Anthropomorphized,Neutral,2D,Neutral,4
12,Anthropomorphized,Neutral,2D,Neutral,4
12,Static,Neutral,2D,Neutral,4
12,Static,Neutral,2D,Neutral,4
12,Static,Neutral,2D,Neutral,4
13,Anthropomorphized,Fearful,2D,Positive,6
13,Anthropomorphized,Fearful,2D,Positive,6
13,Anthropomorphized,Fearful,2D,Positive,6
13,Static,Fearful,2D,Positive,6
13,Static,Fearful,2D,Positive,6
13,Static,Fearful,2D,Positive,6
13,Anthropomorphized,Fearful,2D,Negative,5
13,Anthropomorphized,Fearful,2D,Negative,5
13,Anthropomorphized,Fearful,2D,Negative,5
13,Static,Fearful,2D,Negative,5
13,Static,Fearful,2D,Negative,5
13,Static,Fearful,2D,Negative,5
13,Anthropomorphized,Fearful,2D,Neutral,5
13,Anthropomorphized,Fearful,2D,Neutral,5
13,Anthropomorphized,Fearful,2D,Neutral,5
13,Static,Fearful,2D,Neutral,5
13,Static,Fearful,2D,Neutral,5
13,Static,Fearful,2D,Neutral,5
13,Anthropomorphized,Neutral,2D,Positive,3
13,Anthropomorphized,Neutral,2D,Positive,4
13,Anthropomorphized,Neutral,2D,Positive,4
13,Static,Neutral,2D,Positive,3
13,Static,Neutral,2D,Positive,4
13,Static,Neutral,2D,Positive,4
13,Anthropomorphized,Neutral,2D,Negative,6
13,Anthropomorphized,Neutral,2D,Negative,4
13,Anthropomorphized,Neutral,2D,Negative,4
13,Static,Neutral,2D,Negative,5
13,Static,Neutral,2D,Negative,4
13,Static,Neutral,2D,Negative,4
13,Anthropomorphized,Neutral,2D,Neutral,4
13,Anthropomorphized,Neutral,2D,Neutral,4
13,Anthropomorphized,Neutral,2D,Neutral,4
13,Static,Neutral,2D,Neutral,4
13,Static,Neutral,2D,Neutral,4
13,Static,Neutral,2D,Neutral,4
14,Anthropomorphized,Fearful,2D,Positive,7
14,Anthropomorphized,Fearful,2D,Positive,7
14,Anthropomorphized,Fearful,2D,Positive,7
14,Static,Fearful,2D,Positive,7
14,Static,Fearful,2D,Positive,7
14,Static,Fearful,2D,Positive,7
14,Anthropomorphized,Fearful,2D,Negative,5
14,Anthropomorphized,Fearful,2D,Negative,5
14,Anthropomorphized,Fearful,2D,Negative,5
14,Static,Fearful,2D,Negative,7
14,Static,Fearful,2D,Negative,7
14,Static,Fearful,2D,Negative,7
14,Anthropomorphized,Fearful,2D,Neutral,7
14,Anthropomorphized,Fearful,2D,Neutral,7
14,Anthropomorphized,Fearful,2D,Neutral,7
14,Static,Fearful,2D,Neutral,7
14,Static,Fearful,2D,Neutral,7
14,Static,Fearful,2D,Neutral,7
14,Anthropomorphized,Neutral,2D,Positive,7
14,Anthropomorphized,Neutral,2D,Positive,7
14,Anthropomorphized,Neutral,2D,Positive,7
14,Static,Neutral,2D,Positive,6
14,Static,Neutral,2D,Positive,6
14,Static,Neutral,2D,Positive,6
14,Anthropomorphized,Neutral,2D,Negative,7
14,Anthropomorphized,Neutral,2D,Negative,7
14,Anthropomorphized,Neutral,2D,Negative,7
14,Static,Neutral,2D,Negative,6
14,Static,Neutral,2D,Negative,6
14,Static,Neutral,2D,Negative,6
14,Anthropomorphized,Neutral,2D,Neutral,5
14,Anthropomorphized,Neutral,2D,Neutral,5
14,Anthropomorphized,Neutral,2D,Neutral,5
14,Static,Neutral,2D,Neutral,6
14,Static,Neutral,2D,Neutral,6
14,Static,Neutral,2D,Neutral,6
15,Anthropomorphized,Fearful,2D,Positive,5
15,Anthropomorphized,Fearful,2D,Positive,6
15,Anthropomorphized,Fearful,2D,Positive,6
15,Static,Fearful,2D,Positive,5
15,Static,Fearful,2D,Positive,5
15,Static,Fearful,2D,Positive,5
15,Anthropomorphized,Fearful,2D,Negative,2
15,Anthropomorphized,Fearful,2D,Negative,2
15,Anthropomorphized,Fearful,2D,Negative,5
15,Static,Fearful,2D,Negative,2
15,Static,Fearful,2D,Negative,2
15,Static,Fearful,2D,Negative,3
15,Anthropomorphized,Fearful,2D,Neutral,3
15,Anthropomorphized,Fearful,2D,Neutral,4
15,Anthropomorphized,Fearful,2D,Neutral,5
15,Static,Fearful,2D,Neutral,4
15,Static,Fearful,2D,Neutral,5
15,Static,Fearful,2D,Neutral,4
15,Anthropomorphized,Neutral,2D,Positive,2
15,Anthropomorphized,Neutral,2D,Positive,3
15,Anthropomorphized,Neutral,2D,Positive,3
15,Static,Neutral,2D,Positive,2
15,Static,Neutral,2D,Positive,3
15,Static,Neutral,2D,Positive,3
15,Anthropomorphized,Neutral,2D,Negative,5
15,Anthropomorphized,Neutral,2D,Negative,5
15,Anthropomorphized,Neutral,2D,Negative,4
15,Static,Neutral,2D,Negative,5
15,Static,Neutral,2D,Negative,4
15,Static,Neutral,2D,Negative,4
15,Anthropomorphized,Neutral,2D,Neutral,3
15,Anthropomorphized,Neutral,2D,Neutral,4
15,Anthropomorphized,Neutral,2D,Neutral,4
15,Static,Neutral,2D,Neutral,2
15,Static,Neutral,2D,Neutral,2
15,Static,Neutral,2D,Neutral,2
16,Anthropomorphized,Fearful,2D,Positive,7
16,Anthropomorphized,Fearful,2D,Positive,7
16,Anthropomorphized,Fearful,2D,Positive,7
16,Static,Fearful,2D,Positive,5
16,Static,Fearful,2D,Positive,5
16,Static,Fearful,2D,Positive,5
16,Anthropomorphized,Fearful,2D,Negative,2
16,Anthropomorphized,Fearful,2D,Negative,2
16,Anthropomorphized,Fearful,2D,Negative,2
16,Static,Fearful,2D,Negative,2
16,Static,Fearful,2D,Negative,2
16,Static,Fearful,2D,Negative,2
16,Anthropomorphized,Fearful,2D,Neutral,5
16,Anthropomorphized,Fearful,2D,Neutral,5
16,Anthropomorphized,Fearful,2D,Neutral,5
16,Static,Fearful,2D,Neutral,2
16,Static,Fearful,2D,Neutral,2
16,Static,Fearful,2D,Neutral,2
16,Anthropomorphized,Neutral,2D,Positive,1
16,Anthropomorphized,Neutral,2D,Positive,1
16,Anthropomorphized,Neutral,2D,Positive,1
16,Static,Neutral,2D,Positive,2
16,Static,Neutral,2D,Positive,2
16,Static,Neutral,2D,Positive,2
16,Anthropomorphized,Neutral,2D,Negative,5
16,Anthropomorphized,Neutral,2D,Negative,5
16,Anthropomorphized,Neutral,2D,Negative,5
16,Static,Neutral,2D,Negative,3
16,Static,Neutral,2D,Negative,3
16,Static,Neutral,2D,Negative,3
16,Anthropomorphized,Neutral,2D,Neutral,4
16,Anthropomorphized,Neutral,2D,Neutral,3
16,Anthropomorphized,Neutral,2D,Neutral,3
16,Static,Neutral,2D,Neutral,4
16,Static,Neutral,2D,Neutral,4
16,Static,Neutral,2D,Neutral,4
17,Anthropomorphized,Fearful,2D,Positive,5
17,Anthropomorphized,Fearful,2D,Positive,5
17,Anthropomorphized,Fearful,2D,Positive,4
17,Static,Fearful,2D,Positive,4
17,Static,Fearful,2D,Positive,4
17,Static,Fearful,2D,Positive,4
17,Anthropomorphized,Fearful,2D,Negative,2
17,Anthropomorphized,Fearful,2D,Negative,2
17,Anthropomorphized,Fearful,2D,Negative,2
17,Static,Fearful,2D,Negative,2
17,Static,Fearful,2D,Negative,2
17,Static,Fearful,2D,Negative,2
17,Anthropomorphized,Fearful,2D,Neutral,4
17,Anthropomorphized,Fearful,2D,Neutral,4
17,Anthropomorphized,Fearful,2D,Neutral,4
17,Static,Fearful,2D,Neutral,4
17,Static,Fearful,2D,Neutral,4
17,Static,Fearful,2D,Neutral,4
17,Anthropomorphized,Neutral,2D,Positive,2
17,Anthropomorphized,Neutral,2D,Positive,2
17,Anthropomorphized,Neutral,2D,Positive,2
17,Static,Neutral,2D,Positive,2
17,Static,Neutral,2D,Positive,2
17,Static,Neutral,2D,Positive,2
17,Anthropomorphized,Neutral,2D,Negative,6
17,Anthropomorphized,Neutral,2D,Negative,6
17,Anthropomorphized,Neutral,2D,Negative,6
17,Static,Neutral,2D,Negative,5
17,Static,Neutral,2D,Negative,6
17,Static,Neutral,2D,Negative,4
17,Anthropomorphized,Neutral,2D,Neutral,4
17,Anthropomorphized,Neutral,2D,Neutral,4
17,Anthropomorphized,Neutral,2D,Neutral,4
17,Static,Neutral,2D,Neutral,4
17,Static,Neutral,2D,Neutral,4
17,Static,Neutral,2D,Neutral,4
12,Anthropomorphized,Fearful,3D,Positive,6
12,Anthropomorphized,Fearful,3D,Positive,5
12,Anthropomorphized,Fearful,3D,Positive,5
12,Static,Fearful,3D,Positive,5
12,Static,Fearful,3D,Positive,5
12,Static,Fearful,3D,Positive,5
12,Anthropomorphized,Fearful,3D,Negative,2
12,Anthropomorphized,Fearful,3D,Negative,3
12,Anthropomorphized,Fearful,3D,Negative,3
12,Static,Fearful,3D,Negative,3
12,Static,Fearful,3D,Negative,3
12,Static,Fearful,3D,Negative,4
12,Anthropomorphized,Fearful,3D,Neutral,4
12,Anthropomorphized,Fearful,3D,Neutral,4
12,Anthropomorphized,Fearful,3D,Neutral,4
12,Static,Fearful,3D,Neutral,4
12,Static,Fearful,3D,Neutral,3
12,Static,Fearful,3D,Neutral,4
12,Anthropomorphized,Neutral,3D,Positive,5
12,Anthropomorphized,Neutral,3D,Positive,7
12,Anthropomorphized,Neutral,3D,Positive,7
12,Static,Neutral,3D,Positive,7
12,Static,Neutral,3D,Positive,7
12,Static,Neutral,3D,Positive,5
12,Anthropomorphized,Neutral,3D,Negative,3
12,Anthropomorphized,Neutral,3D,Negative,3
12,Anthropomorphized,Neutral,3D,Negative,3
12,Static,Neutral,3D,Negative,3
12,Static,Neutral,3D,Negative,4
12,Static,Neutral,3D,Negative,5
12,Anthropomorphized,Neutral,3D,Neutral,4
12,Anthropomorphized,Neutral,3D,Neutral,6
12,Anthropomorphized,Neutral,3D,Neutral,7
12,Static,Neutral,3D,Neutral,4
12,Static,Neutral,3D,Neutral,4
12,Static,Neutral,3D,Neutral,4
13,Anthropomorphized,Fearful,3D,Positive,7
13,Anthropomorphized,Fearful,3D,Positive,7
13,Anthropomorphized,Fearful,3D,Positive,6
13,Static,Fearful,3D,Positive,6
13,Static,Fearful,3D,Positive,6
13,Static,Fearful,3D,Positive,6
13,Anthropomorphized,Fearful,3D,Negative,1
13,Anthropomorphized,Fearful,3D,Negative,2
13,Anthropomorphized,Fearful,3D,Negative,2
13,Static,Fearful,3D,Negative,1
13,Static,Fearful,3D,Negative,5
13,Static,Fearful,3D,Negative,4
13,Anthropomorphized,Fearful,3D,Neutral,4
13,Anthropomorphized,Fearful,3D,Neutral,6
13,Anthropomorphized,Fearful,3D,Neutral,6
13,Static,Fearful,3D,Neutral,5
13,Static,Fearful,3D,Neutral,5
13,Static,Fearful,3D,Neutral,6
13,Anthropomorphized,Neutral,3D,Positive,2
13,Anthropomorphized,Neutral,3D,Positive,3
13,Anthropomorphized,Neutral,3D,Positive,4
13,Static,Neutral,3D,Positive,1
13,Static,Neutral,3D,Positive,4
13,Static,Neutral,3D,Positive,4
13,Anthropomorphized,Neutral,3D,Negative,7
13,Anthropomorphized,Neutral,3D,Negative,6
13,Anthropomorphized,Neutral,3D,Negative,4
13,Static,Neutral,3D,Negative,7
13,Static,Neutral,3D,Negative,5
13,Static,Neutral,3D,Negative,4
13,Anthropomorphized,Neutral,3D,Neutral,3
13,Anthropomorphized,Neutral,3D,Neutral,1
13,Anthropomorphized,Neutral,3D,Neutral,1
13,Static,Neutral,3D,Neutral,4
13,Static,Neutral,3D,Neutral,2
13,Static,Neutral,3D,Neutral,2
14,Anthropomorphized,Fearful,3D,Positive,7
14,Anthropomorphized,Fearful,3D,Positive,7
14,Anthropomorphized,Fearful,3D,Positive,7
14,Static,Fearful,3D,Positive,7
14,Static,Fearful,3D,Positive,7
14,Static,Fearful,3D,Positive,7
14,Anthropomorphized,Fearful,3D,Negative,1
14,Anthropomorphized,Fearful,3D,Negative,1
14,Anthropomorphized,Fearful,3D,Negative,1
14,Static,Fearful,3D,Negative,2
14,Static,Fearful,3D,Negative,2
14,Static,Fearful,3D,Negative,2
14,Anthropomorphized,Fearful,3D,Neutral,5
14,Anthropomorphized,Fearful,3D,Neutral,5
14,Anthropomorphized,Fearful,3D,Neutral,5
14,Static,Fearful,3D,Neutral,6
14,Static,Fearful,3D,Neutral,6
14,Static,Fearful,3D,Neutral,6
14,Anthropomorphized,Neutral,3D,Positive,2
14,Anthropomorphized,Neutral,3D,Positive,2
14,Anthropomorphized,Neutral,3D,Positive,3
14,Static,Neutral,3D,Positive,2
14,Static,Neutral,3D,Positive,1
14,Static,Neutral,3D,Positive,1
14,Anthropomorphized,Neutral,3D,Negative,7
14,Anthropomorphized,Neutral,3D,Negative,6
14,Anthropomorphized,Neutral,3D,Negative,3
14,Static,Neutral,3D,Negative,5
14,Static,Neutral,3D,Negative,5
14,Static,Neutral,3D,Negative,3
14,Anthropomorphized,Neutral,3D,Neutral,1
14,Anthropomorphized,Neutral,3D,Neutral,2
14,Anthropomorphized,Neutral,3D,Neutral,2
14,Static,Neutral,3D,Neutral,1
14,Static,Neutral,3D,Neutral,2
14,Static,Neutral,3D,Neutral,1
15,Anthropomorphized,Fearful,3D,Positive,7
15,Anthropomorphized,Fearful,3D,Positive,7
15,Anthropomorphized,Fearful,3D,Positive,7
15,Static,Fearful,3D,Positive,7
15,Static,Fearful,3D,Positive,7
15,Static,Fearful,3D,Positive,7
15,Anthropomorphized,Fearful,3D,Negative,2
15,Anthropomorphized,Fearful,3D,Negative,5
15,Anthropomorphized,Fearful,3D,Negative,5
15,Static,Fearful,3D,Negative,2
15,Static,Fearful,3D,Negative,2
15,Static,Fearful,3D,Negative,3
15,Anthropomorphized,Fearful,3D,Neutral,5
15,Anthropomorphized,Fearful,3D,Neutral,5
15,Anthropomorphized,Fearful,3D,Neutral,5
15,Static,Fearful,3D,Neutral,6
15,Static,Fearful,3D,Neutral,6
15,Static,Fearful,3D,Neutral,6
15,Anthropomorphized,Neutral,3D,Positive,1
15,Anthropomorphized,Neutral,3D,Positive,2
15,Anthropomorphized,Neutral,3D,Positive,2
15,Static,Neutral,3D,Positive,1
15,Static,Neutral,3D,Positive,2
15,Static,Neutral,3D,Positive,2
15,Anthropomorphized,Neutral,3D,Negative,7
15,Anthropomorphized,Neutral,3D,Negative,6
15,Anthropomorphized,Neutral,3D,Negative,6
15,Static,Neutral,3D,Negative,7
15,Static,Neutral,3D,Negative,5
15,Static,Neutral,3D,Negative,2
15,Anthropomorphized,Neutral,3D,Neutral,3
15,Anthropomorphized,Neutral,3D,Neutral,2
15,Anthropomorphized,Neutral,3D,Neutral,2
15,Static,Neutral,3D,Neutral,2
15,Static,Neutral,3D,Neutral,2
15,Static,Neutral,3D,Neutral,2
16,Anthropomorphized,Fearful,3D,Positive,4
16,Anthropomorphized,Fearful,3D,Positive,6
16,Anthropomorphized,Fearful,3D,Positive,6
16,Static,Fearful,3D,Positive,4
16,Static,Fearful,3D,Positive,6
16,Static,Fearful,3D,Positive,6
16,Anthropomorphized,Fearful,3D,Negative,2
16,Anthropomorphized,Fearful,3D,Negative,2
16,Anthropomorphized,Fearful,3D,Negative,2
16,Static,Fearful,3D,Negative,5
16,Static,Fearful,3D,Negative,2
16,Static,Fearful,3D,Negative,2
16,Anthropomorphized,Fearful,3D,Neutral,4
16,Anthropomorphized,Fearful,3D,Neutral,5
16,Anthropomorphized,Fearful,3D,Neutral,5
16,Static,Fearful,3D,Neutral,4
16,Static,Fearful,3D,Neutral,5
16,Static,Fearful,3D,Neutral,5
16,Anthropomorphized,Neutral,3D,Positive,5
16,Anthropomorphized,Neutral,3D,Positive,3
16,Anthropomorphized,Neutral,3D,Positive,2
16,Static,Neutral,3D,Positive,4
16,Static,Neutral,3D,Positive,3
16,Static,Neutral,3D,Positive,3
16,Anthropomorphized,Neutral,3D,Negative,6
16,Anthropomorphized,Neutral,3D,Negative,4
16,Anthropomorphized,Neutral,3D,Negative,2
16,Static,Neutral,3D,Negative,4
16,Static,Neutral,3D,Negative,3
16,Static,Neutral,3D,Negative,4
16,Anthropomorphized,Neutral,3D,Neutral,2
16,Anthropomorphized,Neutral,3D,Neutral,2
16,Anthropomorphized,Neutral,3D,Neutral,2
16,Static,Neutral,3D,Neutral,2
16,Static,Neutral,3D,Neutral,2
16,Static,Neutral,3D,Neutral,2
17,Anthropomorphized,Fearful,3D,Positive,6
17,Anthropomorphized,Fearful,3D,Positive,4
17,Anthropomorphized,Fearful,3D,Positive,3
17,Static,Fearful,3D,Positive,7
17,Static,Fearful,3D,Positive,6
17,Static,Fearful,3D,Positive,7
17,Anthropomorphized,Fearful,3D,Negative,3
17,Anthropomorphized,Fearful,3D,Negative,4
17,Anthropomorphized,Fearful,3D,Negative,4
17,Static,Fearful,3D,Negative,2
17,Static,Fearful,3D,Negative,7
17,Static,Fearful,3D,Negative,7
17,Anthropomorphized,Fearful,3D,Neutral,2
17,Anthropomorphized,Fearful,3D,Neutral,5
17,Anthropomorphized,Fearful,3D,Neutral,5
17,Static,Fearful,3D,Neutral,2
17,Static,Fearful,3D,Neutral,5
17,Static,Fearful,3D,Neutral,5
17,Anthropomorphized,Neutral,3D,Positive,2
17,Anthropomorphized,Neutral,3D,Positive,2
17,Anthropomorphized,Neutral,3D,Positive,2
17,Static,Neutral,3D,Positive,2
17,Static,Neutral,3D,Positive,5
17,Static,Neutral,3D,Positive,5
17,Anthropomorphized,Neutral,3D,Negative,5
17,Anthropomorphized,Neutral,3D,Negative,4
17,Anthropomorphized,Neutral,3D,Negative,4
17,Static,Neutral,3D,Negative,2
17,Static,Neutral,3D,Negative,6
17,Static,Neutral,3D,Negative,6
17,Anthropomorphized,Neutral,3D,Neutral,2
17,Anthropomorphized,Neutral,3D,Neutral,4
17,Anthropomorphized,Neutral,3D,Neutral,4
17,Static,Neutral,3D,Neutral,2
17,Static,Neutral,3D,Neutral,2
17,Static,Neutral,3D,Neutral,2
18,Anthropomorphized,Fearful,3D,Positive,7
18,Anthropomorphized,Fearful,3D,Positive,7
18,Anthropomorphized,Fearful,3D,Positive,7
18,Static,Fearful,3D,Positive,6
18,Static,Fearful,3D,Positive,6
18,Static,Fearful,3D,Positive,6
18,Anthropomorphized,Fearful,3D,Negative,2
18,Anthropomorphized,Fearful,3D,Negative,2
18,Anthropomorphized,Fearful,3D,Negative,2
18,Static,Fearful,3D,Negative,2
18,Static,Fearful,3D,Negative,2
18,Static,Fearful,3D,Negative,2
18,Anthropomorphized,Fearful,3D,Neutral,5
18,Anthropomorphized,Fearful,3D,Neutral,5
18,Anthropomorphized,Fearful,3D,Neutral,5
18,Static,Fearful,3D,Neutral,5
18,Static,Fearful,3D,Neutral,5
18,Static,Fearful,3D,Neutral,5
18,Anthropomorphized,Neutral,3D,Positive,5
18,Anthropomorphized,Neutral,3D,Positive,5
18,Anthropomorphized,Neutral,3D,Positive,5
18,Static,Neutral,3D,Positive,3
18,Static,Neutral,3D,Positive,2
18,Static,Neutral,3D,Positive,5
18,Anthropomorphized,Neutral,3D,Negative,3
18,Anthropomorphized,Neutral,3D,Negative,3
18,Anthropomorphized,Neutral,3D,Negative,2
18,Static,Neutral,3D,Negative,6
18,Static,Neutral,3D,Negative,5
18,Static,Neutral,3D,Negative,2
18,Anthropomorphized,Neutral,3D,Neutral,4
18,Anthropomorphized,Neutral,3D,Neutral,4
18,Anthropomorphized,Neutral,3D,Neutral,4
18,Static,Neutral,3D,Neutral,4
18,Static,Neutral,3D,Neutral,4
18,Static,Neutral,3D,Neutral,4
19,Anthropomorphized,Fearful,3D,Positive,7
19,Anthropomorphized,Fearful,3D,Positive,5
19,Anthropomorphized,Fearful,3D,Positive,5
19,Static,Fearful,3D,Positive,6
19,Static,Fearful,3D,Positive,6
19,Static,Fearful,3D,Positive,6
19,Anthropomorphized,Fearful,3D,Negative,3
19,Anthropomorphized,Fearful,3D,Negative,5
19,Anthropomorphized,Fearful,3D,Negative,5
19,Static,Fearful,3D,Negative,2
19,Static,Fearful,3D,Negative,5
19,Static,Fearful,3D,Negative,5
19,Anthropomorphized,Fearful,3D,Neutral,5
19,Anthropomorphized,Fearful,3D,Neutral,6
19,Anthropomorphized,Fearful,3D,Neutral,6
19,Static,Fearful,3D,Neutral,6
19,Static,Fearful,3D,Neutral,6
19,Static,Fearful,3D,Neutral,6
19,Anthropomorphized,Neutral,3D,Positive,3
19,Anthropomorphized,Neutral,3D,Positive,5
19,Anthropomorphized,Neutral,3D,Positive,5
19,Static,Neutral,3D,Positive,2
19,Static,Neutral,3D,Positive,4
19,Static,Neutral,3D,Positive,4
19,Anthropomorphized,Neutral,3D,Negative,6
19,Anthropomorphized,Neutral,3D,Negative,1
19,Anthropomorphized,Neutral,3D,Negative,1
19,Static,Neutral,3D,Negative,5
19,Static,Neutral,3D,Negative,2
19,Static,Neutral,3D,Negative,2
19,Anthropomorphized,Neutral,3D,Neutral,2
19,Anthropomorphized,Neutral,3D,Neutral,3
19,Anthropomorphized,Neutral,3D,Neutral,3
19,Static,Neutral,3D,Neutral,3
19,Static,Neutral,3D,Neutral,2
19,Static,Neutral,3D,Neutral,2
20,Anthropomorphized,Fearful,3D,Positive,6
20,Anthropomorphized,Fearful,3D,Positive,6
20,Anthropomorphized,Fearful,3D,Positive,6
20,Static,Fearful,3D,Positive,5
20,Static,Fearful,3D,Positive,5
20,Static,Fearful,3D,Positive,5
20,Anthropomorphized,Fearful,3D,Negative,3
20,Anthropomorphized,Fearful,3D,Negative,3
20,Anthropomorphized,Fearful,3D,Negative,3
20,Static,Fearful,3D,Negative,2
20,Static,Fearful,3D,Negative,3
20,Static,Fearful,3D,Negative,3
20,Anthropomorphized,Fearful,3D,Neutral,3
20,Anthropomorphized,Fearful,3D,Neutral,5
20,Anthropomorphized,Fearful,3D,Neutral,5
20,Static,Fearful,3D,Neutral,4
20,Static,Fearful,3D,Neutral,4
20,Static,Fearful,3D,Neutral,4
20,Anthropomorphized,Neutral,3D,Positive,4
20,Anthropomorphized,Neutral,3D,Positive,4
20,Anthropomorphized,Neutral,3D,Positive,4
20,Static,Neutral,3D,Positive,4
20,Static,Neutral,3D,Positive,2
20,Static,Neutral,3D,Positive,4
20,Anthropomorphized,Neutral,3D,Negative,6
20,Anthropomorphized,Neutral,3D,Negative,6
20,Anthropomorphized,Neutral,3D,Negative,5
20,Static,Neutral,3D,Negative,4
20,Static,Neutral,3D,Negative,5
20,Static,Neutral,3D,Negative,4
20,Anthropomorphized,Neutral,3D,Neutral,2
20,Anthropomorphized,Neutral,3D,Neutral,4
20,Anthropomorphized,Neutral,3D,Neutral,4
20,Static,Neutral,3D,Neutral,2
20,Static,Neutral,3D,Neutral,4
20,Static,Neutral,3D,Neutral,4
21,Anthropomorphized,Fearful,3D,Positive,6
21,Anthropomorphized,Fearful,3D,Positive,6
21,Anthropomorphized,Fearful,3D,Positive,6
21,Static,Fearful,3D,Positive,6
21,Static,Fearful,3D,Positive,6
21,Static,Fearful,3D,Positive,6
21,Anthropomorphized,Fearful,3D,Negative,5
21,Anthropomorphized,Fearful,3D,Negative,5
21,Anthropomorphized,Fearful,3D,Negative,6
21,Static,Fearful,3D,Negative,3
21,Static,Fearful,3D,Negative,5
21,Static,Fearful,3D,Negative,5
21,Anthropomorphized,Fearful,3D,Neutral,5
21,Anthropomorphized,Fearful,3D,Neutral,5
21,Anthropomorphized,Fearful,3D,Neutral,5
21,Static,Fearful,3D,Neutral,5
21,Static,Fearful,3D,Neutral,5
21,Static,Fearful,3D,Neutral,6
21,Anthropomorphized,Neutral,3D,Positive,2
21,Anthropomorphized,Neutral,3D,Positive,2
21,Anthropomorphized,Neutral,3D,Positive,2
21,Static,Neutral,3D,Positive,2
21,Static,Neutral,3D,Positive,2
21,Static,Neutral,3D,Positive,2
21,Anthropomorphized,Neutral,3D,Negative,2
21,Anthropomorphized,Neutral,3D,Negative,2
21,Anthropomorphized,Neutral,3D,Negative,2
21,Static,Neutral,3D,Negative,5
21,Static,Neutral,3D,Negative,4
21,Static,Neutral,3D,Negative,2
21,Anthropomorphized,Neutral,3D,Neutral,2
21,Anthropomorphized,Neutral,3D,Neutral,2
21,Anthropomorphized,Neutral,3D,Neutral,2
21,Static,Neutral,3D,Neutral,2
21,Static,Neutral,3D,Neutral,2
21,Static,Neutral,3D,Neutral,2
22,Anthropomorphized,Fearful,3D,Positive,6
22,Anthropomorphized,Fearful,3D,Positive,6
22,Anthropomorphized,Fearful,3D,Positive,6
22,Static,Fearful,3D,Positive,7
22,Static,Fearful,3D,Positive,7
22,Static,Fearful,3D,Positive,7
22,Anthropomorphized,Fearful,3D,Negative,2
22,Anthropomorphized,Fearful,3D,Negative,5
22,Anthropomorphized,Fearful,3D,Negative,5
22,Static,Fearful,3D,Negative,2
22,Static,Fearful,3D,Negative,3
22,Static,Fearful,3D,Negative,5
22,Anthropomorphized,Fearful,3D,Neutral,6
22,Anthropomorphized,Fearful,3D,Neutral,6
22,Anthropomorphized,Fearful,3D,Neutral,6
22,Static,Fearful,3D,Neutral,6
22,Static,Fearful,3D,Neutral,7
22,Static,Fearful,3D,Neutral,7
22,Anthropomorphized,Neutral,3D,Positive,3
22,Anthropomorphized,Neutral,3D,Positive,4
22,Anthropomorphized,Neutral,3D,Positive,4
22,Static,Neutral,3D,Positive,2
22,Static,Neutral,3D,Positive,4
22,Static,Neutral,3D,Positive,4
22,Anthropomorphized,Neutral,3D,Negative,6
22,Anthropomorphized,Neutral,3D,Negative,4
22,Anthropomorphized,Neutral,3D,Negative,4
22,Static,Neutral,3D,Negative,6
22,Static,Neutral,3D,Negative,4
22,Static,Neutral,3D,Negative,4
22,Anthropomorphized,Neutral,3D,Neutral,3
22,Anthropomorphized,Neutral,3D,Neutral,4
22,Anthropomorphized,Neutral,3D,Neutral,4
22,Static,Neutral,3D,Neutral,2
22,Static,Neutral,3D,Neutral,4
22,Static,Neutral,3D,Neutral,4
23,Anthropomorphized,Fearful,3D,Positive,7
23,Anthropomorphized,Fearful,3D,Positive,7
23,Anthropomorphized,Fearful,3D,Positive,7
23,Static,Fearful,3D,Positive,6
23,Static,Fearful,3D,Positive,6
23,Static,Fearful,3D,Positive,6
23,Anthropomorphized,Fearful,3D,Negative,1
23,Anthropomorphized,Fearful,3D,Negative,1
23,Anthropomorphized,Fearful,3D,Negative,1
23,Static,Fearful,3D,Negative,1
23,Static,Fearful,3D,Negative,1
23,Static,Fearful,3D,Negative,1
23,Anthropomorphized,Fearful,3D,Neutral,6
23,Anthropomorphized,Fearful,3D,Neutral,6
23,Anthropomorphized,Fearful,3D,Neutral,6
23,Static,Fearful,3D,Neutral,6
23,Static,Fearful,3D,Neutral,6
23,Static,Fearful,3D,Neutral,6
23,Anthropomorphized,Neutral,3D,Positive,1
23,Anthropomorphized,Neutral,3D,Positive,1
23,Anthropomorphized,Neutral,3D,Positive,1
23,Static,Neutral,3D,Positive,1
23,Static,Neutral,3D,Positive,2
23,Static,Neutral,3D,Positive,2
23,Anthropomorphized,Neutral,3D,Negative,5
23,Anthropomorphized,Neutral,3D,Negative,1
23,Anthropomorphized,Neutral,3D,Negative,1
23,Static,Neutral,3D,Negative,6
23,Static,Neutral,3D,Negative,1
23,Static,Neutral,3D,Negative,1
23,Anthropomorphized,Neutral,3D,Neutral,1
23,Anthropomorphized,Neutral,3D,Neutral,1
23,Anthropomorphized,Neutral,3D,Neutral,1
23,Static,Neutral,3D,Neutral,5
23,Static,Neutral,3D,Neutral,1
23,Static,Neutral,3D,Neutral,1
24,Anthropomorphized,Fearful,3D,Positive,7
24,Anthropomorphized,Fearful,3D,Positive,7
24,Anthropomorphized,Fearful,3D,Positive,7
24,Static,Fearful,3D,Positive,7
24,Static,Fearful,3D,Positive,6
24,Static,Fearful,3D,Positive,7
24,Anthropomorphized,Fearful,3D,Negative,2
24,Anthropomorphized,Fearful,3D,Negative,2
24,Anthropomorphized,Fearful,3D,Negative,4
24,Static,Fearful,3D,Negative,1
24,Static,Fearful,3D,Negative,1
24,Static,Fearful,3D,Negative,1
24,Anthropomorphized,Fearful,3D,Neutral,6
24,Anthropomorphized,Fearful,3D,Neutral,6
24,Anthropomorphized,Fearful,3D,Neutral,6
24,Static,Fearful,3D,Neutral,4
24,Static,Fearful,3D,Neutral,4
24,Static,Fearful,3D,Neutral,4
24,Anthropomorphized,Neutral,3D,Positive,1
24,Anthropomorphized,Neutral,3D,Positive,1
24,Anthropomorphized,Neutral,3D,Positive,2
24,Static,Neutral,3D,Positive,1
24,Static,Neutral,3D,Positive,1
24,Static,Neutral,3D,Positive,2
24,Anthropomorphized,Neutral,3D,Negative,6
24,Anthropomorphized,Neutral,3D,Negative,5
24,Anthropomorphized,Neutral,3D,Negative,3
24,Static,Neutral,3D,Negative,6
24,Static,Neutral,3D,Negative,5
24,Static,Neutral,3D,Negative,2
24,Anthropomorphized,Neutral,3D,Neutral,2
24,Anthropomorphized,Neutral,3D,Neutral,2
24,Anthropomorphized,Neutral,3D,Neutral,1
24,Static,Neutral,3D,Neutral,2
24,Static,Neutral,3D,Neutral,2
24,Static,Neutral,3D,Neutral,1
25,Anthropomorphized,Fearful,3D,Positive,6
25,Anthropomorphized,Fearful,3D,Positive,6
25,Anthropomorphized,Fearful,3D,Positive,6
25,Static,Fearful,3D,Positive,6
25,Static,Fearful,3D,Positive,5
25,Static,Fearful,3D,Positive,6
25,Anthropomorphized,Fearful,3D,Negative,1
25,Anthropomorphized,Fearful,3D,Negative,1
25,Anthropomorphized,Fearful,3D,Negative,1
25,Static,Fearful,3D,Negative,1
25,Static,Fearful,3D,Negative,1
25,Static,Fearful,3D,Negative,1
25,Anthropomorphized,Fearful,3D,Neutral,2
25,Anthropomorphized,Fearful,3D,Neutral,4
25,Anthropomorphized,Fearful,3D,Neutral,3
25,Static,Fearful,3D,Neutral,5
25,Static,Fearful,3D,Neutral,5
25,Static,Fearful,3D,Neutral,5
25,Anthropomorphized,Neutral,3D,Positive,5
25,Anthropomorphized,Neutral,3D,Positive,3
25,Anthropomorphized,Neutral,3D,Positive,2
25,Static,Neutral,3D,Positive,4
25,Static,Neutral,3D,Positive,3
25,Static,Neutral,3D,Positive,5
25,Anthropomorphized,Neutral,3D,Negative,7
25,Anthropomorphized,Neutral,3D,Negative,6
25,Anthropomorphized,Neutral,3D,Negative,1
25,Static,Neutral,3D,Negative,6
25,Static,Neutral,3D,Negative,5
25,Static,Neutral,3D,Negative,2
25,Anthropomorphized,Neutral,3D,Neutral,4
25,Anthropomorphized,Neutral,3D,Neutral,4
25,Anthropomorphized,Neutral,3D,Neutral,4
25,Static,Neutral,3D,Neutral,1
25,Static,Neutral,3D,Neutral,2
25,Static,Neutral,3D,Neutral,1
26,Anthropomorphized,Fearful,3D,Positive,7
26,Anthropomorphized,Fearful,3D,Positive,7
26,Anthropomorphized,Fearful,3D,Positive,7
26,Static,Fearful,3D,Positive,6
26,Static,Fearful,3D,Positive,7
26,Static,Fearful,3D,Positive,6
26,Anthropomorphized,Fearful,3D,Negative,1
26,Anthropomorphized,Fearful,3D,Negative,2
26,Anthropomorphized,Fearful,3D,Negative,2
26,Static,Fearful,3D,Negative,1
26,Static,Fearful,3D,Negative,3
26,Static,Fearful,3D,Negative,2
26,Anthropomorphized,Fearful,3D,Neutral,6
26,Anthropomorphized,Fearful,3D,Neutral,6
26,Anthropomorphized,Fearful,3D,Neutral,6
26,Static,Fearful,3D,Neutral,7
26,Static,Fearful,3D,Neutral,7
26,Static,Fearful,3D,Neutral,7
26,Anthropomorphized,Neutral,3D,Positive,1
26,Anthropomorphized,Neutral,3D,Positive,1
26,Anthropomorphized,Neutral,3D,Positive,2
26,Static,Neutral,3D,Positive,3
26,Static,Neutral,3D,Positive,3
26,Static,Neutral,3D,Positive,1
26,Anthropomorphized,Neutral,3D,Negative,7
26,Anthropomorphized,Neutral,3D,Negative,7
26,Anthropomorphized,Neutral,3D,Negative,7
26,Static,Neutral,3D,Negative,7
26,Static,Neutral,3D,Negative,6
26,Static,Neutral,3D,Negative,6
26,Anthropomorphized,Neutral,3D,Neutral,2
26,Anthropomorphized,Neutral,3D,Neutral,2
26,Anthropomorphized,Neutral,3D,Neutral,2
26,Static,Neutral,3D,Neutral,4
26,Static,Neutral,3D,Neutral,4
26,Static,Neutral,3D,Neutral,4
27,Anthropomorphized,Fearful,3D,Positive,7
27,Anthropomorphized,Fearful,3D,Positive,7
27,Anthropomorphized,Fearful,3D,Positive,7
27,Static,Fearful,3D,Positive,7
27,Static,Fearful,3D,Positive,7
27,Static,Fearful,3D,Positive,6
27,Anthropomorphized,Fearful,3D,Negative,2
27,Anthropomorphized,Fearful,3D,Negative,2
27,Anthropomorphized,Fearful,3D,Negative,2
27,Static,Fearful,3D,Negative,2
27,Static,Fearful,3D,Negative,2
27,Static,Fearful,3D,Negative,2
27,Anthropomorphized,Fearful,3D,Neutral,5
27,Anthropomorphized,Fearful,3D,Neutral,5
27,Anthropomorphized,Fearful,3D,Neutral,5
27,Static,Fearful,3D,Neutral,5
27,Static,Fearful,3D,Neutral,5
27,Static,Fearful,3D,Neutral,5
27,Anthropomorphized,Neutral,3D,Positive,1
27,Anthropomorphized,Neutral,3D,Positive,1
27,Anthropomorphized,Neutral,3D,Positive,1
27,Static,Neutral,3D,Positive,2
27,Static,Neutral,3D,Positive,1
27,Static,Neutral,3D,Positive,1
27,Anthropomorphized,Neutral,3D,Negative,7
27,Anthropomorphized,Neutral,3D,Negative,5
27,Anthropomorphized,Neutral,3D,Negative,2
27,Static,Neutral,3D,Negative,6
27,Static,Neutral,3D,Negative,2
27,Static,Neutral,3D,Negative,2
27,Anthropomorphized,Neutral,3D,Neutral,4
27,Anthropomorphized,Neutral,3D,Neutral,1
27,Anthropomorphized,Neutral,3D,Neutral,1
27,Static,Neutral,3D,Neutral,3
27,Static,Neutral,3D,Neutral,3
27,Static,Neutral,3D,Neutral,2
28,Anthropomorphized,Fearful,3D,Positive,6
28,Anthropomorphized,Fearful,3D,Positive,7
28,Anthropomorphized,Fearful,3D,Positive,7
28,Static,Fearful,3D,Positive,6
28,Static,Fearful,3D,Positive,5
28,Static,Fearful,3D,Positive,6
28,Anthropomorphized,Fearful,3D,Negative,2
28,Anthropomorphized,Fearful,3D,Negative,3
28,Anthropomorphized,Fearful,3D,Negative,4
28,Static,Fearful,3D,Negative,1
28,Static,Fearful,3D,Negative,2
28,Static,Fearful,3D,Negative,4
28,Anthropomorphized,Fearful,3D,Neutral,4
28,Anthropomorphized,Fearful,3D,Neutral,3
28,Anthropomorphized,Fearful,3D,Neutral,5
28,Static,Fearful,3D,Neutral,5
28,Static,Fearful,3D,Neutral,4
28,Static,Fearful,3D,Neutral,4
28,Anthropomorphized,Neutral,3D,Positive,2
28,Anthropomorphized,Neutral,3D,Positive,2
28,Anthropomorphized,Neutral,3D,Positive,2
28,Static,Neutral,3D,Positive,2
28,Static,Neutral,3D,Positive,2
28,Static,Neutral,3D,Positive,2
28,Anthropomorphized,Neutral,3D,Negative,6
28,Anthropomorphized,Neutral,3D,Negative,2
28,Anthropomorphized,Neutral,3D,Negative,2
28,Static,Neutral,3D,Negative,5
28,Static,Neutral,3D,Negative,2
28,Static,Neutral,3D,Negative,2
28,Anthropomorphized,Neutral,3D,Neutral,4
28,Anthropomorphized,Neutral,3D,Neutral,2
28,Anthropomorphized,Neutral,3D,Neutral,2
28,Static,Neutral,3D,Neutral,2
28,Static,Neutral,3D,Neutral,2
28,Static,Neutral,3D,Neutral,2
29,Anthropomorphized,Fearful,3D,Positive,7
29,Anthropomorphized,Fearful,3D,Positive,6
29,Anthropomorphized,Fearful,3D,Positive,6
29,Static,Fearful,3D,Positive,6
29,Static,Fearful,3D,Positive,6
29,Static,Fearful,3D,Positive,5
29,Anthropomorphized,Fearful,3D,Negative,2
29,Anthropomorphized,Fearful,3D,Negative,6
29,Anthropomorphized,Fearful,3D,Negative,5
29,Static,Fearful,3D,Negative,6
29,Static,Fearful,3D,Negative,6
29,Static,Fearful,3D,Negative,5
29,Anthropomorphized,Fearful,3D,Neutral,6
29,Anthropomorphized,Fearful,3D,Neutral,6
29,Anthropomorphized,Fearful,3D,Neutral,5
29,Static,Fearful,3D,Neutral,5
29,Static,Fearful,3D,Neutral,5
29,Static,Fearful,3D,Neutral,5
29,Anthropomorphized,Neutral,3D,Positive,6
29,Anthropomorphized,Neutral,3D,Positive,6
29,Anthropomorphized,Neutral,3D,Positive,6
29,Static,Neutral,3D,Positive,6
29,Static,Neutral,3D,Positive,6
29,Static,Neutral,3D,Positive,6
29,Anthropomorphized,Neutral,3D,Negative,2
29,Anthropomorphized,Neutral,3D,Negative,3
29,Anthropomorphized,Neutral,3D,Negative,3
29,Static,Neutral,3D,Negative,2
29,Static,Neutral,3D,Negative,2
29,Static,Neutral,3D,Negative,2
29,Anthropomorphized,Neutral,3D,Neutral,4
29,Anthropomorphized,Neutral,3D,Neutral,6
29,Anthropomorphized,Neutral,3D,Neutral,5
29,Static,Neutral,3D,Neutral,2
29,Static,Neutral,3D,Neutral,3
29,Static,Neutral,3D,Neutral,3
